z,T,t,fs,x,y,w,rhob,p
0.0,556.2445316715188,298.0,0.0,0.2264792253249281,0.2675207746750719,0.35471932588681016,2200.0,2040.0
0.002630050505050505,580.1053941194845,352.89415611801735,6.693630104756654e-07,0.22647946750143502,0.26752053249856494,0.35471932588681016,2199.9995752604827,2045.4873692032306
0.00526010101010101,600.9779116313392,400.466218205508,2.996411988982758e-06,0.22648030943112687,0.26751969056887315,0.35471932588681016,2199.9980986481755,2051.3152880669395
0.007890151515151515,619.3052384686723,441.9102639606372,8.39085220628722e-06,0.22648226114741285,0.2675177388525872,0.35471932588681016,2199.994675644667,2057.442730969406
0.01052020202020202,635.4491820327534,478.1734408476339,1.82149986472924e-05,0.22648581553782826,0.26751418446217173,0.35471932588681016,2199.9884418027154,2063.8331438859477
0.01578030303030303,662.3331117002141,538.0730763265633,5.516657023981277e-05,0.22649918466996524,0.2675008153300347,0.35471932588681016,2199.9649944469015,2077.2763860403106
0.02104040404040404,683.4867748220048,584.7870759760452,0.00011863946713755645,0.22652214925602127,0.26747785074397873,0.35471932588681016,2199.9247181735527,2091.425619546586
0.02630050505050505,700.2440324338672,621.5317912818521,0.00020934520691052468,0.22655496672408407,0.2674450332759159,0.3547193258868102,2199.8671614942778,2106.1074869017934
0.03156060606060606,713.5884254558256,650.622731156163,0.00032571013499572136,0.22659706772365282,0.2674029322763472,0.3547193258868102,2199.7933229603395,2121.18499005985
0.03682070707070707,724.2597303958385,673.7696877829604,0.00046517433855682114,0.22664752607455455,0.2673524739254454,0.3547193258868102,2199.7048269461425,2136.5498622324426
0.04208080808080808,732.8229824957513,692.2599207290476,0.0006249216239085097,0.22670532287383394,0.2672946771261661,0.3547193258868102,2199.6034604472743,2152.1165585145523
0.0526010101010101,745.2758310534422,718.9812137798266,0.000994691995865925,0.22683910633012508,0.26716089366987494,0.3547193258868102,2199.3688252989664,2183.599561545073
0.05786111111111111,749.77479399,728.56827645813,0.0012001220822178693,0.2269134312329908,0.2670865687670092,0.3547193258868102,2199.238471105029,2199.420509647365
0.06312121212121212,753.422930788549,736.3037166148683,0.0014167159649726853,0.22699179521356896,0.267008204786431,0.3547193258868102,2199.101033003826,2215.247505170683
0.07364141414141415,758.8054174003545,747.6198428497912,0.0018774981887793366,0.2271585068897156,0.2668414931102844,0.3547193258868102,2198.8086469350114,2246.822058306038
0.08416161616161616,762.4020413453384,755.0672334139515,0.002367552930623511,0.2273358094052977,0.2666641905947023,0.3547193258868102,2198.4976861989653,2278.1780525639097
0.09468181818181817,764.8403988301109,760.0097409034507,0.0028803764601979323,0.22752134970126764,0.26647865029873236,0.35471932588681027,2198.1722776912993,2309.2294301379898
0.1052020202020202,766.5259433697689,763.3256290293559,0.003411557349192647,0.22771353171647168,0.2662864682835283,0.35471932588681027,2197.835220652337,2339.9274091057046
0.11572222222222223,767.721740275792,765.5835472943854,0.003958121583610588,0.22791127944833697,0.26608872055166305,0.35471932588681027,2197.488402221417,2370.2466592845344
0.12624242424242424,768.5989085700845,767.1528989121178,0.0045180708189572726,0.2281138698929302,0.2658861301070698,0.3547193258868103,2197.133090433765,2400.1765067256015
0.13676262626262625,769.2689186699926,768.2741166437079,0.005090064469845973,0.22832081802451631,0.2656791819754837,0.3547193258868103,2196.7701359482626,2429.715337361879
0.14728282828282827,769.8044367462766,769.1038519334174,0.005673203609636097,0.22853179861013434,0.26546820138986565,0.3547193258868104,2196.400109172388,2458.8670402224425
0.15780303030303028,770.252844587483,769.7442151535586,0.0062668851786016316,0.2287465934619017,0.2652534065380983,0.3547193258868104,2196.023392773384,2487.638752434849
0.16832323232323232,770.6450355193333,770.2617697115061,0.006870704095477696,0.22896505602082992,0.2650349439791701,0.3547193258868104,2195.640243792672,2516.0394354168047
0.17884343434343436,771.0011471199103,770.6998991533051,0.00748438774450136,0.229187087654141,0.26481291234585896,0.35471932588681043,2195.250835216639,2544.0789815946773
0.18936363636363637,771.3343009909643,771.0868698714739,0.008107752229744991,0.22941262182802188,0.2645873781719781,0.35471932588681043,2194.8552837351313,2571.767659379971
0.20514393939393938,771.8088283707305,771.6098362738584,0.009060689981460377,0.22975739608719234,0.2642426039128077,0.3547193258868105,2194.2506038914785,2612.665297946464
0.2209242424242424,772.2675987335539,772.0950174027278,0.010034875171649763,0.2301098577003856,0.2638901422996144,0.35471932588681054,2193.6324416375096,2652.8305777934256
0.2524848484848485,773.1699215360436,773.0210380171442,0.012046470402575385,0.23083765576929907,0.26316234423070095,0.35471932588681065,2192.355998252263,2731.0916805023726
0.28404545454545455,774.0736075206229,773.9345065040059,0.014142022504069032,0.23159582955561928,0.2624041704443807,0.35471932588681077,2191.0262806344895,2806.787195633762
0.3156060606060606,774.9875029730775,774.8543633510232,0.016321477282715473,0.23238435945209013,0.26161564054790987,0.3547193258868109,2189.643323172234,2880.1239653602784
0.3471666666666667,775.9141222578684,775.7858857470458,0.01858499539363953,0.23320330358396854,0.2607966964160315,0.354719325886811,2188.207023922933,2951.282940483825
0.37872727272727275,776.854257325848,776.7306211731458,0.020932875051412513,0.23405276984571843,0.25994723015428156,0.35471932588681115,2186.7171936566624,3020.423170749767
0.4102878787878788,777.8082411348449,777.6891113326694,0.023365523035331962,0.23493290541067902,0.259067094589321,0.3547193258868113,2185.173574254523,3087.6852792143636
0.4418484848484849,778.7762916497891,778.6616345372463,0.025883440647361197,0.23584389165062686,0.25815610834937314,0.3547193258868115,2183.5758476189358,3153.1943215660394
0.504969696969697,780.7553789430036,780.6496351709114,0.031177511919960484,0.23775929430701256,0.25624070569298746,0.3547193258868118,2180.2165325077026,3279.3891467045373
0.536530303030303,781.7668219382026,781.6655334402736,0.03395507069616387,0.23876421909632223,0.25523578090367777,0.35471932588681204,2178.4540524259683,3340.2661190000613
0.5680909090909091,782.7931519979697,782.6963241795906,0.03682070004511892,0.2398010079464486,0.25419899205355145,0.35471932588681226,2176.6356877913704,3399.775276833551
0.6312121212121212,784.8914016779314,784.8035270977451,0.042819726836081325,0.2419714645307054,0.25202853546929466,0.35471932588681276,2172.8290481913564,3514.983080932438
0.6943333333333334,787.0520948183084,786.9732387302194,0.04918230404092144,0.24427345418140867,0.24972654581859133,0.3547193258868133,2168.791720273005,3625.5381581287756
0.7258939393939394,788.1565208246215,788.0822057898747,0.052502582337228744,0.24547473567937456,0.24852526432062544,0.35471932588681365,2166.6848613963566,3679.2123808103197
0.7574545454545455,789.2773762346351,789.2076264764985,0.055917044388488546,0.24671009299633403,0.24728990700366596,0.354719325886814,2164.518238890744,3731.8845699556223
0.8205757575757576,791.5695793181187,791.5090355491445,0.06303339139736504,0.24928479765418626,0.24471520234581373,0.35471932588681476,2160.002611727312,3834.4018255681262
0.8521363636363637,792.7415673206962,792.6856589093593,0.06673783110897821,0.25062506930877615,0.24337493069122385,0.3547193258868152,2157.6519859685914,3884.3286510549883
0.8836969696969698,793.9312766660436,793.8800093133409,0.07054156133877383,0.2520012644166949,0.24199873558330515,0.35471932588681565,2155.238356120776,3933.4175605355867
0.9152575757575758,795.1391053903914,795.092448941466,0.07444597219750838,0.253413885922028,0.240586114077972,0.35471932588681615,2152.7608400990152,3981.702988582108
0.9468181818181819,796.3655392738774,796.3233756806442,0.07845249677937012,0.25486345232032914,0.23913654767967088,0.3547193258868167,2150.2185285436276,4029.2172166594364
0.978378787878788,797.6112584182404,797.5732551728474,0.08256261054580726,0.25635049743568783,0.23764950256431217,0.35471932588681726,2147.6104852110907,4075.990575600575
1.009939393939394,798.8773996786385,798.8426976777143,0.08677783169204757,0.25787557055333704,0.23612442944666295,0.35471932588681787,2144.935746741466,4122.05164173392
1.0415,800.1662085187834,800.1326496755078,0.09109972393036583,0.25943923742664327,0.23456076257335673,0.35471932588681854,2142.1933208923,4167.427451092905
1.073060606060606,801.4826447902739,801.4449009529164,0.0955299055829103,0.26104208356690434,0.23295791643309569,0.3547193258868192,2139.3821807688328,4212.1437868549765
1.104621212121212,802.8381415761417,802.7835524916925,0.10007007647103319,0.26268472397194814,0.23131527602805188,0.35471932588682,2136.5012477615664,4256.2256643191195
1.1361818181818182,804.2580605042169,804.1595682492416,0.10472209946037385,0.2643678326292619,0.22963216737073813,0.3547193258868208,2133.5493398024155,4299.69825245735
1.1677424242424244,805.790187282904,805.603055199218,0.10948824547704762,0.26609223116320413,0.22790776883679587,0.35471932588682165,2130.525015891436,4342.58845806306
1.1993030303030303,807.4962230905554,807.17840793687,0.11437176644140745,0.26785909612326997,0.22614090387673,0.3547193258868226,2127.426212545794,4384.926558341901
1.2308636363636363,809.4101971613759,808.9596535865049,0.11937750950778642,0.26967018121691955,0.22432981878308048,0.35471932588682364,2124.249854038331,4426.745569149134
1.2624242424242424,811.5100211391353,810.9630160919111,0.12451150539151222,0.2715276683656956,0.22247233163430447,0.3547193258868248,2120.9921136217117,4468.077309346365
1.2939848484848486,813.745427077881,813.1419655908715,0.129779551424329,0.2734336550526221,0.2205663449473779,0.35471932588682603,2117.649312640488,4508.948799176771
1.3255454545454546,816.0748898370022,815.440701580691,0.13518615303302967,0.27538977134764026,0.21861022865235974,0.3547193258868275,2114.21859220827,4549.381938966533
1.3571060606060605,818.4750628455648,817.8229390050367,0.1407337974346778,0.27739691712948705,0.21660308287051297,0.35471932588682903,2110.6983740792357,4589.395057801244
1.3886666666666667,820.9346552653865,820.2703083830359,0.14642060274942278,0.27945441153130607,0.21454558846869398,0.35471932588683075,2107.0898523868022,4629.0043525611045
1.4202272727272727,823.445741318595,822.7723742967634,0.1522314485686945,0.2815567839673703,0.21244321603262964,0.3547193258868327,2103.402621678225,4668.224614404627
1.4517878787878786,825.9924341066379,825.3146185449668,0.1581086149693705,0.2836831512858706,0.21031684871412937,0.3547193258868348,2099.673307718436,4707.069178758331
1.4833484848484848,828.5287103646328,827.8580647167186,0.1638743288166668,0.28576919490908737,0.20823080509091269,0.35471932588683724,2096.0147151803044,4745.548681631346
1.514909090909091,830.9515815944401,830.3119182088724,0.16914395209484603,0.2876757522456697,0.20632424775433028,0.3547193258868399,2092.6709133693016,4783.667885715623
1.5359494949494952,832.4424142670794,831.8378280946639,0.17217161049365196,0.2887711634407753,0.2052288365592247,0.3547193258868418,2090.749734358471,4808.8788378307745
1.5569898989898991,833.8149854044866,833.2501888903225,0.17476962418478545,0.289711128558183,0.204288871441817,0.35471932588684385,2089.1011833280027,4833.925108429871
1.5780303030303031,835.0794984471686,834.5520048182883,0.1769954907714442,0.2905164503140313,0.2034835496859687,0.35471932588684607,2087.6887755844855,4858.803881628531
1.599070707070707,836.2571876296493,835.7605541047591,0.17893422106494233,0.29121788574301577,0.2027821142569842,0.35471932588684835,2086.45856812482,4883.513231790565
1.620111111111111,837.369903111869,836.8969703114018,0.18066304016494034,0.2918433749980761,0.2021566250019239,0.3547193258868508,2085.361558313624,4908.052341201284
1.6411515151515152,838.4358309313898,837.9803603110632,0.18224163798587414,0.29241451397673285,0.20158548602326715,0.35471932588685334,2084.359870342049,4932.421367049802
1.6621919191919192,839.4688829543891,839.0259805135954,0.18371373021610954,0.2929471190783713,0.2010528809216287,0.354719325886856,2083.425764732298,4956.62121235793
1.6832323232323232,840.4793814013678,840.0453777299309,0.1851110364187308,0.29345266648687013,0.2005473335131299,0.35471932588685884,2082.5391140621828,4980.653315248392
1.7042727272727274,841.474950539474,841.0471335785302,0.18645678580159106,0.29393956056328463,0.2000604394367154,0.3547193258868618,2081.6851784037844,5004.519485909232
1.7253131313131316,842.4612694271261,842.0376302055702,0.1877682687825271,0.2944140570058383,0.19958594299416177,0.3547193258868649,2080.8529862459673,5028.221788582175
1.7463535353535355,843.4426296209009,843.0216639815891,0.18905859001045205,0.29488089709549353,0.1991191029045065,0.3547193258868681,2080.0342221273677,5051.762458162337
1.7673939393939395,844.4223284248471,844.0028938992946,0.19033785794619798,0.2953437380880245,0.19865626191197555,0.3547193258868715,2079.222471796368,5075.14384148153
1.7884343434343435,845.40294198763,844.9841574893907,0.19161399742691818,0.2958054472009945,0.19819455279900555,0.354719325886875,2078.412706604159,5098.368355724955
1.8094747474747477,846.3865160037685,845.967691687439,0.19289331601325185,0.2962683065189811,0.1977316934810189,0.3547193258868787,2077.6009241331913,5121.438458692892
1.8305151515151517,847.374789501337,846.9553419498656,0.19418130390477978,0.29673430240414683,0.1972656975958532,0.3547193258868826,2076.783640616535,5144.356627812577
1.8410353535353536,847.8718766397815,847.4516556596774,0.1948331953815514,0.29697015768488993,0.19702984231511003,0.3547193258868846,2076.3699875363177,5155.759519770656
1.8462954545454546,848.1222592042274,847.7011859079688,0.1951657846831763,0.2970904889760665,0.1969095110239335,0.3547193258868856,2076.1589453706097,5161.447065134204
1.8489255050505051,848.2480196905104,847.8264119995365,0.19533408169470526,0.297151379078663,0.196848620921337,0.35471932588688615,2076.0521537040654,5164.287384448733
1.8502405303030303,848.3107169045929,847.8889740601616,0.19541719295177362,0.2971814488518802,0.19681855114811975,0.35471932588688637,2075.999416049545,5165.706683066002
1.8515555555555556,848.3725670778823,847.9511097210949,0.1954962484700678,0.2972100512529331,0.1967899487470669,0.35471932588688665,2075.9492519350933,5167.125407029408
1.8524322390572392,848.4127559080798,847.9919766279721,0.19554406184545017,0.2972273502014175,0.19677264979858256,0.3547193258868868,2075.9189122992684,5168.070902283058
1.8533089225589225,848.4517568189085,848.0321847153032,0.1955863931742848,0.29724266573751856,0.19675733426248146,0.354719325886887,2075.892051256923,5169.016139013468
1.8550622895622895,848.5265582262194,848.1106791154755,0.1956566983508372,0.2972681022522518,0.1967318977477482,0.3547193258868873,2075.8474396093216,5170.905829224186
1.8568156565656566,848.599063654742,848.1874870413394,0.19571754773476047,0.29729011764751245,0.19670988235248757,0.3547193258868877,2075.8088280673915,5172.794466707909
1.8585690235690235,848.6707334798422,848.263322688155,0.19577593320585743,0.29731124159554284,0.19668875840445718,0.35471932588688804,2075.771779983746,5174.68204756712
1.8620757575757576,848.8130606374468,848.412977590957,0.19589198821768572,0.2973532304669601,0.1966467695330399,0.35471932588688876,2075.6981381049545,5178.45403758666
1.865582491582492,848.9545325376394,848.5604849392167,0.19600861461195518,0.29739542606537245,0.1966045739346276,0.3547193258868894,2075.6241336595167,5182.22180132664
1.8690892255892257,849.0953579263847,848.7062605278471,0.19612592792314884,0.2974378701913231,0.19656212980867693,0.35471932588689015,2075.549693335851,5185.985343960362
1.8725959595959598,849.2356833238596,848.8506365038363,0.1962438956937607,0.2974805511016394,0.1965194488983606,0.35471932588689087,2075.4748377296364,5189.744671837661
1.8936363636363638,850.0728388881074,849.7001335538706,0.19696500748163903,0.29774145039122374,0.19625854960877623,0.35471932588689525,2075.0172613954364,5212.212585290576
1.9146767676767678,850.9109642453002,850.54078292386,0.19770955214764308,0.29801082773006304,0.195989172269937,0.35471932588689986,2074.5448158957997,5234.531075401739
1.9357171717171717,851.755972343423,851.3849794108636,0.19847898698589275,0.29828921036928097,0.19571078963071906,0.35471932588690464,2074.056576515152,5256.70249195475
1.9567575757575757,852.6101695581674,852.2371691811967,0.19927491030101055,0.29857717657780564,0.19542282342219436,0.35471932588690963,2073.5515290607104,5278.72928582785
1.9777979797979797,853.4746683074512,853.099170136152,0.20009895245341458,0.2988753162223984,0.19512468377760164,0.3547193258869148,2073.0286389989174,5300.613915739413
1.9988383838383836,854.3501889217986,853.9719349396996,0.2009527547030859,0.2991842231132981,0.19481577688670187,0.3547193258869202,2072.486864879976,5322.358818540728
2.019878787878788,855.2373250850305,854.8561338160021,0.2018379644285136,0.2995044932744289,0.1944955067255711,0.3547193258869258,2071.9251613716324,5343.966400367213
2.040919191919192,856.1366319095735,855.7523471305143,0.20275623560627754,0.2998367251169136,0.1941632748830864,0.3547193258869316,2071.3424789548626,5365.439034605712
2.061959595959596,857.0486555580293,856.6611293284542,0.20370923108394634,0.3001815202614116,0.19381847973858843,0.3547193258869377,2070.737762481618,5386.779062078571
2.083,857.9739436799762,857.5830306046006,0.2046986255402787,0.300539484609124,0.19346051539087603,0.3547193258869441,2070.109949296456,5407.988791943454
2.104040404040404,858.9130496030915,858.5186047545635,0.20572610880124584,0.3009112295415354,0.19308877045846462,0.3547193258869507,2069.4579671323754,5429.07050282173
2.125080808080808,859.8665345334233,859.4684125568277,0.2067933894199359,0.3012973732156284,0.1927026267843716,0.3547193258869576,2068.7807318392183,5450.026443999308
2.146121212121212,860.8349691624995,860.4330237523554,0.20790219850067215,0.30169854194745516,0.19230145805254484,0.3547193258869648,2068.077144957102,5470.858836651613
2.167161616161616,861.818935137242,861.4130186240981,0.20905429375313173,0.3021153716789234,0.19188462832107667,0.3547193258869723,2067.3460911439056,5491.569875079324
2.1882020202020205,862.8190265394032,862.4089895017245,0.21025146376120318,0.30254850952227513,0.19145149047772486,0.3547193258869802,2066.586435466498,5512.161727952657
2.2092424242424245,863.8358514167174,863.421542292698,0.21149553243783545,0.30299861537185785,0.19100138462814217,0.35471932588698835,2065.797020573946,5532.636539565327
2.2302828282828284,864.8700333731662,864.4512980665696,0.2127883636315892,0.30346636357078105,0.19053363642921894,0.3547193258869969,2064.976663774458,5552.996431100083
2.2513232323232324,865.9222132130959,865.498894693836,0.21413186584430746,0.30395244461777654,0.19004755538222348,0.35471932588700583,2064.1241540418223,5573.2435019076
2.2723636363636364,866.9930506294861,866.5649885319472,0.21552799701669065,0.30445756689862635,0.18954243310137367,0.3547193258870152,2063.238248978752,5593.379830800178
2.3039242424242423,868.635783934491,868.2002975020489,0.21772529074962668,0.30525255095458925,0.1887474490454108,0.35471932588703003,2061.843971935473,5623.3811834479975
2.3354848484848483,870.324424891251,869.881130535773,0.22005258615628154,0.30609456980444677,0.18790543019555325,0.35471932588704586,2060.3672032587187,5653.144873632694
2.3670454545454547,872.0614784786715,871.6099819268666,0.2225172030897474,0.3069862717816524,0.18701372821834758,0.35471932588706284,2058.8032981879946,5682.6776979614915
2.398606060606061,873.8495499893309,873.3894362834919,0.22512672450390714,0.30793040040990705,0.18606959959009295,0.3547193258870811,2057.147445014078,5711.986379995318
2.461727272727273,877.5904289326498,877.1117226696286,0.23081449473584403,0.30998824392012514,0.18401175607987483,0.3547193258871217,2053.5383110403327,5769.9579361916285
2.493287878787879,879.5493629882674,879.0606504985237,0.23391031504489396,0.31110831619308815,0.18289168380691184,0.3547193258871443,2051.573880376227,5798.634012233914
2.524848484848485,881.571690050984,881.0724659880548,0.2371866349972312,0.31229369349849556,0.18170630650150446,0.35471932588716865,2049.494914952757,5827.112368614356
2.5564090909090913,883.6609657433715,883.1506988669031,0.24065352063695836,0.313548017745687,0.18045198225431303,0.35471932588719496,2047.295027433537,5855.399544233947
2.5879696969696973,885.8209678394867,885.2990998186558,0.24432159503993098,0.31487513237889736,0.1791248676211026,0.3547193258872233,2044.967477021662,5883.502073774239
2.619530303030303,888.0557099265397,887.5216542859895,0.24820206340943493,0.3162790914569092,0.1777209085430908,0.354719325887254,2042.5051535354246,5911.426499323039
2.651090909090909,890.3694555640648,889.8225966982553,0.2523067379057135,0.31776416863641155,0.17623583136358845,0.3547193258872873,2039.9005616529143,5939.179382166016
2.682651515151515,892.7667329551462,892.2064252253438,0.2566480618487396,0.31933486592859794,0.17466513407140205,0.35471932588732336,2037.1458055543242,5966.767314767895
2.714212121212121,895.2523500498693,894.677917015562,0.2612391328433219,0.3209959220658635,0.17300407793413647,0.35471932588736255,2034.2325742480762,5994.1969329644335
2.745772727272727,897.8314098985495,897.242143807547,0.2660937242388442,0.3227523202659696,0.17124767973403038,0.3547193258874051,2031.1521279537003,6021.474928379823
2.7773333333333334,900.5276135043923,899.9136378095485,0.27128518757876496,0.3246092894530725,0.16939071054692753,0.35474063565798863,2027.8579219732346,6048.608332423243
2.80889393939394,903.3827446471671,902.7341210440609,0.2769102396535226,0.32657246205273543,0.1674275379472646,0.354812615048452,2024.2885853581404,6075.605801948514
2.840454545454546,906.4187584225552,905.7304114072987,0.28301072775713354,0.32864802692574074,0.16535197307425928,0.3549442156096156,2020.4175642069092,6102.477215345839
2.8720151515151517,909.655814780828,908.9230439490647,0.2896326283598496,0.33084257047765336,0.1631574295223466,0.35514548528946166,2016.2156844787457,6129.23314098753
2.903575757575758,913.1158058926175,912.333718146387,0.2968271137401109,0.333162973306174,0.16083702669382602,0.35542805769476654,2011.6504751698822,6155.884841018021
2.935136363636364,916.8220900557997,915.9866160682642,0.3046502293056606,0.335616073402517,0.15838392659748304,0.35580537214403507,2006.6863730671594,6182.444334578419
2.96669696969697,920.7933285114615,919.9085011017027,0.3131578823907613,0.33820660378122075,0.15579339621877927,0.35629292297726256,2001.2879025709597,6208.9243482748925
2.998257575757576,925.0014965197537,924.1250356452352,0.3223688750678065,0.34092355500139915,0.15307644499860085,0.35690852225236724,1995.4431329605454,6235.337418284857
3.014037878787879,927.126895524216,926.3370316074945,0.32719250276536466,0.3423067363568844,0.15169326364311556,0.35727053638624756,1992.3823344595435,6248.521505253506
3.029818181818182,929.1641867386318,928.565177056154,0.33207650323480553,0.34367230631774015,0.1503276936822599,0.3576720048710917,1989.2832268473771,6261.689936333934
3.045598484848485,931.0165769696785,930.6824311337033,0.33694020167541716,0.3449894844586838,0.14901051554131617,0.3581145198724041,1986.1970017425901,6274.839614792233
3.061378787878788,932.6589702911856,932.5654936197408,0.34177004314608656,0.346253346875203,0.14774665312479707,0.3585981010973647,1983.1322603362448,6287.965983585445
3.092939393939394,935.5782138386173,935.7243430418247,0.35157132009692915,0.34871231201560554,0.14528768798439443,0.3596852521576988,1976.9129300562086,6314.134519644626
3.108719696969697,936.9975899569876,937.1758158092307,0.3566543882633821,0.349947831880393,0.14405216811960697,0.36028879371979594,1973.6875054588156,6327.173821030939
3.1245000000000003,938.4469859431016,938.6299507198091,0.361898393606467,0.3512001350794487,0.1427998649205513,0.3609337792512934,1970.3599593255421,6340.183434930727
3.1560606060606062,941.5075359749769,941.6634371772974,0.3729223448630543,0.3537664912208516,0.14023350877914842,0.3623559046458353,1963.3647897981837,6366.118260669158
3.187621212121212,944.8424725117121,944.9514071552064,0.38472131797063125,0.3564212150120189,0.13757878498798112,0.36397006641913915,1955.87783569115,6391.950770947839
3.219181818181818,948.4961270095639,948.5470184989813,0.39736085915942665,0.3591666822592742,0.13483331774072585,0.3657976034859404,1947.857505112237,6417.694975403071
3.240222222222222,951.1285193246908,951.1351099420962,0.4062871986198302,0.36104790921710855,0.13295209078289144,0.36714593907720755,1942.1933601672054,6434.816278377323
3.261262626262626,953.9324052552533,953.8900576395051,0.41563746456933026,0.36297003508712883,0.13102996491287117,0.3686067529742213,1936.260215696564,6451.9100588072815
3.28230303030303,956.9206422277923,956.8245087570162,0.42543273641395046,0.3649330681657775,0.12906693183422255,0.370187663440178,1930.0446959137878,6468.981494531047
3.313863636363636,961.7783454676654,961.591985708517,0.4410068834113438,0.36795399943961754,0.12604600056038243,0.3728014811135518,1920.1622321804991,6494.5587991192415
3.3454242424242424,967.1293726393731,966.8407989230631,0.45770287892880185,0.3710655454937864,0.12293445450621361,0.37573057042647123,1909.5679074820068,6520.117963541869
3.376984848484849,973.0241839807609,972.6210192736402,0.4755914009195984,0.3742656401905796,0.1197343598094204,0.379002568902532,1898.216873627904,6545.680370251737
3.4085454545454548,979.5146748117704,978.984478880939,0.4947383592031367,0.37755104760828706,0.11644895239171295,0.3826445587315933,1886.0673080130725,6571.269078133475
3.4401060606060607,986.652679854429,985.9833974699214,0.5152008771521842,0.3809171188740935,0.11308288112590649,0.3866818561054972,1873.0829634093468,6596.908825530456
3.471666666666667,994.4878766797721,993.668420066034,0.5370221854730193,0.38435751336192925,0.10964248663807072,0.3911364425824767,1859.236408080849,6622.625964108337
3.503227272727273,1003.0649988849374,1002.0859656553016,0.5602253976347088,0.3878638867022719,0.10613611329772805,0.396025025018649,1844.5129755408786,6648.448299278586
3.534787878787879,1012.4203132071708,1011.2748223473363,0.5848062737249854,0.39142555300116055,0.10257444699883947,0.40135675530157405,1828.91535619548,6674.404810246336
3.566348484848485,1022.5773929069163,1021.2619955244066,0.6107252764527055,0.3950291355479723,0.09897086445202766,0.4071307054926579,1812.4686381503388,6700.525222351247
3.597909090909091,1033.54233437609,1032.057925575687,0.6378994669846474,0.3986582290008788,0.09534177099912115,0.413333273543709,1795.2254496496562,6726.839407636507
3.6294696969696973,1045.298707139484,1043.6513365185897,0.6661950425094291,0.40229310594198286,0.09170689405801716,0.4199357768216154,1777.2706943116598,6753.376597852354
3.6610303030303033,1057.8026774673535,1056.004137455409,0.6954215196711095,0.4059105104575057,0.08808948954249426,0.42689255408600724,1758.7252419892664,6780.164408210391
3.6925909090909093,1070.978867654752,1069.046941324798,0.7253286414824491,0.40948358897273407,0.08451641102726595,0.4341399155710466,1739.7478914661795,6807.22768993093
3.724151515151515,1084.7175657907069,1082.6758458890893,0.7556069632983614,0.41298201144160174,0.0810179885583983,0.4415962338018892,1720.5349986316196,6834.587253257941
3.755712121212121,1098.8698859830927,1096.7474758207231,0.7858833699054227,0.4163712955416104,0.0776287044583896,0.44916099747625376,1701.3233210791561,6862.267239196482
3.7872727272727276,1113.2073593936752,1111.0392087318519,0.8156396498161809,0.4196038562381092,0.07439614376189081,0.45669430196185506,1682.4416862066412,6890.381247999791
3.8188333333333335,1127.5096628829058,1125.3314373356397,0.8444233799571049,0.42264208623721233,0.07135791376278768,0.4640700672291127,1664.17717584379,6918.957189769242
3.8503939393939395,1141.5532331588695,1139.400855080297,0.8718080930714075,0.42545236260244995,0.06854763739755003,0.4711676197431323,1646.8004017422031,6947.987405783671
3.8819545454545454,1155.10642233647,1153.0149817197484,0.897380588794293,0.42800302109261923,0.06599697890738075,0.4778691272544961,1630.5735572419298,6977.454880494331
3.9135151515151514,1167.938256896956,1165.9409846961332,0.9207559875075958,0.43026571817812304,0.06373428182187697,0.4840636832893419,1615.7408649555373,7007.333066028232
3.945075757575758,1179.8269615844513,1177.9546068704408,0.9415900408113789,0.4322167665251528,0.06178323347484722,0.48965042561163985,1602.5207652462882,7037.586094410004
3.9766363636363637,1190.567186262334,1188.8479274610918,0.959587588082178,0.43383838401549185,0.060161615984508136,0.49454034679841363,1591.1005501795116,7068.169353387706
3.9976767676767673,1196.9974507072081,1195.3948839979741,0.9698882079293768,0.43473082530056467,0.05926917469943532,0.4973746846974187,1584.5643654313276,7088.7160278556585
4.018717171717172,1202.7860954288335,1201.3115965501388,0.9787601049863371,0.43547072446320884,0.058529275536791166,0.49984465074343504,1578.9347665245268,7109.368998940796
4.039757575757576,1207.8882489848993,1206.5534860571347,0.9861527211714232,0.4360587002021576,0.05794129979784241,0.5019313342505459,1574.2438347286816,7130.109769249456
4.06079797979798,1212.26169970479,1211.0795719195028,0.9920215463627434,0.43649747963742624,0.05750252036257377,0.5036159042721502,1570.5198136237093,7150.918745940813
4.071318181818182,1214.162009827599,1213.061868179807,0.9943711427898668,0.4366624796053738,0.05733752039462621,0.504300991695591,1569.02889399371,7161.342406539724
4.081838383838384,1215.863861206442,1214.850299341184,0.9963231396458663,0.4367924784640696,0.0572075215359304,0.5048772281274152,1567.7902683315701,7171.775302451274
4.087098484848484,1216.6383861298204,1215.670135608999,0.9971479361714611,0.4368447518503031,0.05715524814969696,0.505123367319093,1567.2668995876577,7176.99435768058
4.092358585858586,1217.3607881113692,1216.43941842025,0.9978706242730092,0.436888806752832,0.05711119324716801,0.5053407820187223,1566.8083230148782,7182.214684578984
4.097618686868687,1218.0300552820256,1217.157357885587,0.9984900589905843,0.43692488763461834,0.05707511236538165,0.5055288135151811,1566.4152651393745,7187.435926131352
4.102878787878788,1218.6450485354364,1217.823099294494,0.9990049272583298,0.4369532899615451,0.05704671003845489,0.5056866912734569,1566.0885591577073,7192.65771877823
4.106385521885521,1219.0242607172709,1218.2374737558678,0.9992893486679096,0.43696813678985713,0.05703186321014284,0.5057747485231956,1565.90808158384,7196.13903716066
4.109892255892255,1219.3783582265403,1218.6279498442977,0.9995261548231488,0.43697986654841725,0.05702013345158277,0.5058486955746818,1565.7578179295053,7199.620323774317
4.1133989898989896,1219.7068962819822,1218.9942354915988,0.9997148719434245,0.43698864353500244,0.05701135646499756,0.5059081967156226,1565.6380688288139,7203.1014648430055
4.116905723905724,1220.0094437792204,1219.3360605345306,0.9998551330386785,0.4369946768734345,0.05700532312656551,0.5059529100446613,1565.5490671526854,7206.582344764408
4.11924354657688,1220.1965432323393,1219.5502576962147,0.9999217070909485,0.43699730960537103,0.05700269039462897,0.5059743639012874,1565.5068230633462,7208.902728488496
4.121581369248036,1220.3719696668438,1219.7535012446835,0.9999670379967545,0.4369989579948424,0.057001042005157584,0.5059891162992112,1565.4780586608592,7211.222909227775
4.1239191919191915,1220.5360089435615,1219.9459129369081,0.9999920859289487,0.43699977593539663,0.057000224064603325,0.5059973607368138,1565.4621646743992,7213.542852537126
4.124795875420875,1220.5947592094358,1220.015343495003,0.9999967215265466,0.43699991195035376,0.05700008804964623,0.5059989018877835,1565.459223189055,7214.412763295634
4.125672558922559,1220.652161222201,1220.0833460956874,0.9999991732116633,0.43699997919775635,0.05700002080224365,0.5059997216636082,1565.4576674897762,7215.282634456173
4.1261109006734005,1220.6804162096287,1220.116831689332,0.99999972964979,0.4369999935128308,0.0570000064871692,0.5059999086686541,1565.4573144059375,7215.717554741507
4.126330071548821,1220.694447489141,1220.1334503077317,0.9999998785991727,0.4369999972081128,0.05700000279188723,0.5059999588634747,1565.4572198911706,7215.935010991836
4.126439656986532,1220.701441594607,1220.141729317003,0.9999999270072395,0.43699999838607595,0.05700000161392406,0.5059999751996201,1565.4571891741775,7216.043738136451
4.126549242424242,1220.7084224698215,1220.1499884492016,0.9999999608272802,0.4369999991984961,0.057000000801503914,0.5059999866233397,1565.4571677139124,7216.15246462481
4.126658827861952,1220.7153910530221,1220.1582279678491,0.9999999823823988,0.4369999997094004,0.05700000029059963,0.5059999939111086,1565.4571540362658,7216.261190455152
4.126768413299663,1220.7223483691046,1220.166448155669,0.999999994209365,0.43699999998582334,0.057000000014176676,0.5059999979136991,1565.457146531549,7216.369915625854
4.126795809659091,1220.7240860681682,1220.1685002175032,0.9999999959692447,0.43700000002653294,0.05699999997346705,0.5059999985097166,1565.45714541483,7216.397096815285
4.126823206018519,1220.7258231525202,1220.1705510952124,0.9999999973426887,0.4370000000581739,0.05699999994182614,0.5059999989749896,1565.4571445433207,7216.424277963373
4.126850602377946,1220.7275596401728,1220.1726007937018,0.9999999983741434,0.4370000000818312,0.05699999991816879,0.5059999993245141,1565.4571438888186,7216.451459070099
4.126877998737374,1220.7292955490643,1220.1746493178885,0.9999999991078155,0.43700000009857415,0.05699999990142583,0.5059999995732148,1565.457143423272,7216.478640135443
4.126905395096801,1220.7310308986146,1220.1766966729444,0.9999999995916985,0.4370000001095491,0.0569999998904509,0.5059999997373095,1565.4571431162276,7216.505821159384
4.126932791456229,1220.7327657051658,1220.1787428635957,0.9999999998657603,0.43700000011570894,0.05699999988429106,0.5059999998303055,1565.4571429423238,7216.533002141904
4.126987584175084,1220.7362337820261,1220.18283177487,1.0000000000149734,0.43700000011893225,0.05699999988106773,0.5059999998810677,1565.4571428476415,7216.5873639826095
4.127014980534511,1220.7379671024767,1220.1848745077484,1.0000000000149734,0.4370000001188508,0.0569999998811492,0.5059999998811492,1565.4571428476415,7216.614544840761
4.1270423768939395,1220.7396999648151,1220.1869160983904,1.0000000000149734,0.4370000001187693,0.056999999881230674,0.5059999998812307,1565.4571428476415,7216.641725657423
4.127069773253367,1220.7414323700566,1220.188956549321,1.0000000000149734,0.43700000011868784,0.05699999988131215,0.5059999998813122,1565.4571428476415,7216.668906432582
4.127097169612794,1220.743164319214,1220.1909958630597,1.0000000000149734,0.43700000011860635,0.056999999881393634,0.5059999998813937,1565.4571428476415,7216.6960871662195
4.127124565972222,1220.744895813298,1220.1930340421202,1.0000000000149734,0.4370000001185249,0.05699999988147512,0.5059999998814751,1565.4571428476415,7216.723267858323
4.1271519623316495,1220.7466268533176,1220.195071089011,1.0000000000149734,0.4370000001184434,0.0569999998815566,0.5059999998815566,1565.4571428476415,7216.750448508877
4.127179358691077,1220.748357440279,1220.1971070062343,1.0000000000149734,0.43700000011836193,0.05699999988163809,0.5059999998816381,1565.4571428476415,7216.777629117862
4.127206755050505,1220.7500875751862,1220.199141796288,1.0000000000149734,0.43700000011828044,0.05699999988171959,0.5059999998817196,1565.4571428476415,7216.804809685267
4.127316340488216,1220.7570036142793,1220.2072697345534,1.0000000000149734,0.4370000001179544,0.056999999882045585,0.5059999998820456,1565.4571428476415,7216.913531538765
4.127425925925926,1220.7639125002631,1220.2153798364463,1.0000000000149734,0.43700000011762835,0.05699999988237164,0.5059999998823717,1565.4571428476415,7217.0222527257365
4.127645096801347,1220.7777090651819,1220.2315471585098,1.0000000000149734,0.4370000001169761,0.05699999988302388,0.5059999998830239,1565.4571428476415,7217.239693096239
4.127864267676768,1220.7914777689691,1220.247645003507,1.0000000000149734,0.4370000001163237,0.056999999883676315,0.5059999998836763,1565.4571428476415,7217.45713078914
4.128302609427609,1220.8189335456782,1220.2796371180423,1.0000000000149734,0.4370000001150182,0.056999999884981764,0.5059999998849818,1565.4571428476415,7217.891998112294
4.129179292929293,1220.8735317705223,1220.3428398594265,1.0000000000149734,0.4370000001124051,0.05699999988759493,0.5059999998875949,1565.4571428476415,7218.7617003066725
4.13093265993266,1220.9815737577162,1220.4663652223624,1.0000000000149734,0.4370000001071696,0.05699999989283037,0.5059999998928304,1565.4571428476415,7220.500973384175
4.132686026936026,1221.0882474843606,1220.586475730988,1.0000000000149734,0.4370000001019222,0.05699999989807784,0.5059999998980779,1565.4571428476415,7222.240068792108
4.1344393939393935,1221.1937344059852,1220.703622629383,1.0000000000149734,0.4370000000966628,0.056999999903337234,0.5059999999033372,1565.4571428476415,7223.978983804886
4.139699494949495,1221.5045478994068,1221.0409460443796,1.0000000000149734,0.43700000008081374,0.05699999991918628,0.5059999999191863,1565.4571428476415,7229.194624664522
4.1449595959595955,1221.8092437365192,1221.3629453828396,1.0000000000149734,0.43700000006485945,0.05699999993514054,0.5059999999351406,1565.4571428476415,7234.408575298331
4.150219696969696,1222.1099617388847,1221.6749416470848,1.0000000000149734,0.4370000000488008,0.05699999995119921,0.5059999999511993,1565.4571428476415,7239.6208061861735
4.1554797979797975,1222.4081022514756,1221.9804169477056,1.0000000000149734,0.437000000032638,0.05699999996736198,0.505999999967362,1565.4571428476415,7244.831299603595
4.160739898989899,1222.7045817355922,1222.28165013171,1.0000000000149734,0.4370000000163712,0.056999999983628834,0.5059999999836289,1565.4571428476415,7250.040045536215
4.166,1223.0,1222.5801326477679,1.0000000000149734,0.437,0.05700000000000001,0.506,1565.4571428476415,7255.247039007763
